source,patient_id,label,exclude_from_external_test
montgomery,0001,normal,False
montgomery,0002,normal,False
montgomery,0003,normal,False
montgomery,0004,normal,False
montgomery,0005,normal,False
montgomery,0006,normal,False
montgomery,0008,normal,False
montgomery,0011,normal,False
montgomery,0013,normal,False
montgomery,0015,normal,False
montgomery,0016,normal,False
montgomery,0017,normal,False
montgomery,0019,normal,False
montgomery,0020,normal,False
montgomery,0021,normal,False
montgomery,0022,normal,False
montgomery,0023,normal,False
montgomery,0024,normal,False
montgomery,0026,normal,False
montgomery,0027,normal,False
montgomery,0028,normal,False
montgomery,0029,normal,False
montgomery,0030,normal,False
montgomery,0031,normal,False
montgomery,0035,normal,False
montgomery,0038,normal,False
montgomery,0040,normal,False
montgomery,0041,normal,False
montgomery,0042,normal,False
montgomery,0043,normal,False
montgomery,0044,normal,False
montgomery,0045,normal,False
montgomery,0046,normal,False
montgomery,0047,normal,False
montgomery,0048,normal,False
montgomery,0049,normal,False
montgomery,0051,normal,False
montgomery,0052,normal,False
montgomery,0053,normal,False
montgomery,0054,normal,False
montgomery,0055,normal,False
montgomery,0056,normal,False
montgomery,0057,normal,False
montgomery,0058,normal,False
montgomery,0059,normal,False
montgomery,0060,normal,False
montgomery,0061,normal,False
montgomery,0062,normal,False
montgomery,0063,normal,False
montgomery,0064,normal,False
montgomery,0068,normal,False
montgomery,0069,normal,False
montgomery,0070,normal,False
montgomery,0071,normal,False
montgomery,0072,normal,False
montgomery,0074,normal,False
montgomery,0075,normal,False
montgomery,0077,normal,False
montgomery,0079,normal,False
montgomery,0080,normal,False
montgomery,0081,normal,False
montgomery,0082,normal,False
montgomery,0083,normal,False
montgomery,0084,normal,False
montgomery,0085,normal,False
montgomery,0086,normal,False
montgomery,0087,normal,False
montgomery,0089,normal,False
montgomery,0090,normal,False
montgomery,0091,normal,False
montgomery,0092,normal,False
montgomery,0094,normal,False
montgomery,0095,normal,False
montgomery,0096,normal,False
montgomery,0097,normal,False
montgomery,0099,normal,False
montgomery,0100,normal,False
montgomery,0101,normal,False
montgomery,0102,normal,False
montgomery,0103,normal,False
montgomery,0104,TB,False
montgomery,0108,TB,False
montgomery,0113,TB,False
montgomery,0117,TB,False
montgomery,0126,TB,False
montgomery,0140,TB,False
montgomery,0141,TB,False
montgomery,0142,TB,False
montgomery,0144,TB,False
montgomery,0150,TB,False
montgomery,0162,TB,False
montgomery,0166,TB,False
montgomery,0170,TB,False
montgomery,0173,TB,False
montgomery,0182,TB,False
montgomery,0188,TB,False
montgomery,0194,TB,False
montgomery,0195,TB,False
montgomery,0196,TB,False
montgomery,0203,TB,False
montgomery,0213,TB,False
montgomery,0218,TB,False
montgomery,0223,TB,False
montgomery,0228,TB,False
montgomery,0243,TB,False
montgomery,0251,TB,True
montgomery,0253,TB,False
montgomery,0254,TB,False
montgomery,0255,TB,False
montgomery,0258,TB,False
montgomery,0264,TB,False
montgomery,0266,TB,False
montgomery,0275,TB,False
montgomery,0282,TB,False
montgomery,0289,TB,False
montgomery,0294,TB,False
montgomery,0301,TB,False
montgomery,0309,TB,False
montgomery,0311,TB,False
montgomery,0313,TB,False
montgomery,0316,TB,False
montgomery,0331,TB,False
montgomery,0334,TB,False
montgomery,0338,TB,False
montgomery,0348,TB,False
montgomery,0350,TB,False
montgomery,0352,TB,False
montgomery,0354,TB,False
montgomery,0362,TB,False
montgomery,0367,TB,False
montgomery,0369,TB,False
montgomery,0372,TB,False
montgomery,0375,TB,False
montgomery,0383,TB,False
montgomery,0387,TB,False
montgomery,0390,TB,False
montgomery,0393,TB,False
montgomery,0399,TB,False
