patient_id,label,split,exclude_from_external_test
0001,normal,external_test,False
0002,normal,external_test,False
0003,normal,external_test,False
0004,normal,external_test,False
0005,normal,external_test,False
0006,normal,external_test,False
0008,normal,external_test,False
0011,normal,external_test,False
0013,normal,external_test,False
0015,normal,external_test,False
0016,normal,external_test,False
0017,normal,external_test,False
0019,normal,external_test,False
0020,normal,external_test,False
0021,normal,external_test,False
0022,normal,external_test,False
0023,normal,external_test,False
0024,normal,external_test,False
0026,normal,external_test,False
0027,normal,external_test,False
0028,normal,external_test,False
0029,normal,external_test,False
0030,normal,external_test,False
0031,normal,external_test,False
0035,normal,external_test,False
0038,normal,external_test,False
0040,normal,external_test,False
0041,normal,external_test,False
0042,normal,external_test,False
0043,normal,external_test,False
0044,normal,external_test,False
0045,normal,external_test,False
0046,normal,external_test,False
0047,normal,external_test,False
0048,normal,external_test,False
0049,normal,external_test,False
0051,normal,external_test,False
0052,normal,external_test,False
0053,normal,external_test,False
0054,normal,external_test,False
0055,normal,external_test,False
0056,normal,external_test,False
0057,normal,external_test,False
0058,normal,external_test,False
0059,normal,external_test,False
0060,normal,external_test,False
0061,normal,external_test,False
0062,normal,external_test,False
0063,normal,external_test,False
0064,normal,external_test,False
0068,normal,external_test,False
0069,normal,external_test,False
0070,normal,external_test,False
0071,normal,external_test,False
0072,normal,external_test,False
0074,normal,external_test,False
0075,normal,external_test,False
0077,normal,external_test,False
0079,normal,external_test,False
0080,normal,external_test,False
0081,normal,external_test,False
0082,normal,external_test,False
0083,normal,external_test,False
0084,normal,external_test,False
0085,normal,external_test,False
0086,normal,external_test,False
0087,normal,external_test,False
0089,normal,external_test,False
0090,normal,external_test,False
0091,normal,external_test,False
0092,normal,external_test,False
0094,normal,external_test,False
0095,normal,external_test,False
0096,normal,external_test,False
0097,normal,external_test,False
0099,normal,external_test,False
0100,normal,external_test,False
0101,normal,external_test,False
0102,normal,external_test,False
0103,normal,external_test,False
0104,TB,external_test,False
0108,TB,external_test,False
0113,TB,external_test,False
0117,TB,external_test,False
0126,TB,external_test,False
0140,TB,external_test,False
0141,TB,external_test,False
0142,TB,external_test,False
0144,TB,external_test,False
0150,TB,external_test,False
0162,TB,external_test,False
0166,TB,external_test,False
0170,TB,external_test,False
0173,TB,external_test,False
0182,TB,external_test,False
0188,TB,external_test,False
0194,TB,external_test,False
0195,TB,external_test,False
0196,TB,external_test,False
0203,TB,external_test,False
0213,TB,external_test,False
0218,TB,external_test,False
0223,TB,external_test,False
0228,TB,external_test,False
0243,TB,external_test,False
0251,TB,external_test,True
0253,TB,external_test,False
0254,TB,external_test,False
0255,TB,external_test,False
0258,TB,external_test,False
0264,TB,external_test,False
0266,TB,external_test,False
0275,TB,external_test,False
0282,TB,external_test,False
0289,TB,external_test,False
0294,TB,external_test,False
0301,TB,external_test,False
0309,TB,external_test,False
0311,TB,external_test,False
0313,TB,external_test,False
0316,TB,external_test,False
0331,TB,external_test,False
0334,TB,external_test,False
0338,TB,external_test,False
0348,TB,external_test,False
0350,TB,external_test,False
0352,TB,external_test,False
0354,TB,external_test,False
0362,TB,external_test,False
0367,TB,external_test,False
0369,TB,external_test,False
0372,TB,external_test,False
0375,TB,external_test,False
0383,TB,external_test,False
0387,TB,external_test,False
0390,TB,external_test,False
0393,TB,external_test,False
0399,TB,external_test,False
