source,patient_id,label,has_lesion_mask_primary,has_lesion_mask_secondary,empty_reference_mask_primary,empty_reference_mask_secondary,has_lung_mask
shenzhen,0001,normal,False,False,False,False,True
shenzhen,0002,normal,False,False,False,False,True
shenzhen,0003,normal,False,False,False,False,True
shenzhen,0004,normal,False,False,False,False,True
shenzhen,0005,normal,False,False,False,False,True
shenzhen,0006,normal,False,False,False,False,True
shenzhen,0007,normal,False,False,False,False,True
shenzhen,0008,normal,False,False,False,False,True
shenzhen,0009,normal,False,False,False,False,True
shenzhen,0010,normal,False,False,False,False,True
shenzhen,0011,normal,False,False,False,False,True
shenzhen,0012,normal,False,False,False,False,True
shenzhen,0013,normal,False,False,False,False,True
shenzhen,0014,normal,False,False,False,False,True
shenzhen,0015,normal,False,False,False,False,True
shenzhen,0016,normal,False,False,False,False,True
shenzhen,0017,normal,False,False,False,False,True
shenzhen,0018,normal,False,False,False,False,True
shenzhen,0019,normal,False,False,False,False,True
shenzhen,0020,normal,False,False,False,False,True
shenzhen,0021,normal,False,False,False,False,True
shenzhen,0022,normal,False,False,False,False,True
shenzhen,0023,normal,False,False,False,False,True
shenzhen,0024,normal,False,False,False,False,True
shenzhen,0025,normal,False,False,False,False,False
shenzhen,0026,normal,False,False,False,False,True
shenzhen,0027,normal,False,False,False,False,True
shenzhen,0028,normal,False,False,False,False,True
shenzhen,0029,normal,False,False,False,False,True
shenzhen,0030,normal,False,False,False,False,True
shenzhen,0031,normal,False,False,False,False,True
shenzhen,0032,normal,False,False,False,False,True
shenzhen,0033,normal,False,False,False,False,True
shenzhen,0034,normal,False,False,False,False,True
shenzhen,0035,normal,False,False,False,False,True
shenzhen,0036,normal,False,False,False,False,False
shenzhen,0037,normal,False,False,False,False,False
shenzhen,0038,normal,False,False,False,False,False
shenzhen,0039,normal,False,False,False,False,False
shenzhen,0040,normal,False,False,False,False,False
shenzhen,0041,normal,False,False,False,False,True
shenzhen,0042,normal,False,False,False,False,True
shenzhen,0043,normal,False,False,False,False,True
shenzhen,0044,normal,False,False,False,False,True
shenzhen,0045,normal,False,False,False,False,True
shenzhen,0046,normal,False,False,False,False,True
shenzhen,0047,normal,False,False,False,False,True
shenzhen,0048,normal,False,False,False,False,True
shenzhen,0049,normal,False,False,False,False,True
shenzhen,0050,normal,False,False,False,False,True
shenzhen,0051,normal,False,False,False,False,True
shenzhen,0052,normal,False,False,False,False,True
shenzhen,0053,normal,False,False,False,False,True
shenzhen,0054,normal,False,False,False,False,True
shenzhen,0055,normal,False,False,False,False,True
shenzhen,0056,normal,False,False,False,False,True
shenzhen,0057,normal,False,False,False,False,True
shenzhen,0058,normal,False,False,False,False,True
shenzhen,0059,normal,False,False,False,False,True
shenzhen,0060,normal,False,False,False,False,True
shenzhen,0061,normal,False,False,False,False,True
shenzhen,0062,normal,False,False,False,False,True
shenzhen,0063,normal,False,False,False,False,True
shenzhen,0064,normal,False,False,False,False,True
shenzhen,0065,normal,False,False,False,False,False
shenzhen,0066,normal,False,False,False,False,True
shenzhen,0067,normal,False,False,False,False,True
shenzhen,0068,normal,False,False,False,False,True
shenzhen,0069,normal,False,False,False,False,True
shenzhen,0070,normal,False,False,False,False,True
shenzhen,0071,normal,False,False,False,False,True
shenzhen,0072,normal,False,False,False,False,True
shenzhen,0073,normal,False,False,False,False,True
shenzhen,0074,normal,False,False,False,False,True
shenzhen,0075,normal,False,False,False,False,True
shenzhen,0076,normal,False,False,False,False,True
shenzhen,0077,normal,False,False,False,False,True
shenzhen,0078,normal,False,False,False,False,True
shenzhen,0079,normal,False,False,False,False,True
shenzhen,0080,normal,False,False,False,False,True
shenzhen,0081,normal,False,False,False,False,True
shenzhen,0082,normal,False,False,False,False,True
shenzhen,0083,normal,False,False,False,False,True
shenzhen,0084,normal,False,False,False,False,True
shenzhen,0085,normal,False,False,False,False,True
shenzhen,0086,normal,False,False,False,False,True
shenzhen,0087,normal,False,False,False,False,True
shenzhen,0088,normal,False,False,False,False,True
shenzhen,0089,normal,False,False,False,False,True
shenzhen,0090,normal,False,False,False,False,True
shenzhen,0091,normal,False,False,False,False,True
shenzhen,0092,normal,False,False,False,False,True
shenzhen,0093,normal,False,False,False,False,True
shenzhen,0094,normal,False,False,False,False,True
shenzhen,0095,normal,False,False,False,False,True
shenzhen,0096,normal,False,False,False,False,True
shenzhen,0097,normal,False,False,False,False,True
shenzhen,0098,normal,False,False,False,False,True
shenzhen,0099,normal,False,False,False,False,True
shenzhen,0100,normal,False,False,False,False,True
shenzhen,0101,normal,False,False,False,False,True
shenzhen,0102,normal,False,False,False,False,True
shenzhen,0103,normal,False,False,False,False,True
shenzhen,0104,normal,False,False,False,False,True
shenzhen,0105,normal,False,False,False,False,True
shenzhen,0106,normal,False,False,False,False,True
shenzhen,0107,normal,False,False,False,False,True
shenzhen,0108,normal,False,False,False,False,True
shenzhen,0109,normal,False,False,False,False,True
shenzhen,0110,normal,False,False,False,False,True
shenzhen,0111,normal,False,False,False,False,True
shenzhen,0112,normal,False,False,False,False,True
shenzhen,0113,normal,False,False,False,False,True
shenzhen,0114,normal,False,False,False,False,True
shenzhen,0115,normal,False,False,False,False,True
shenzhen,0116,normal,False,False,False,False,True
shenzhen,0117,normal,False,False,False,False,True
shenzhen,0118,normal,False,False,False,False,True
shenzhen,0119,normal,False,False,False,False,True
shenzhen,0120,normal,False,False,False,False,True
shenzhen,0121,normal,False,False,False,False,True
shenzhen,0122,normal,False,False,False,False,True
shenzhen,0123,normal,False,False,False,False,True
shenzhen,0124,normal,False,False,False,False,True
shenzhen,0125,normal,False,False,False,False,True
shenzhen,0126,normal,False,False,False,False,True
shenzhen,0127,normal,False,False,False,False,True
shenzhen,0128,normal,False,False,False,False,True
shenzhen,0129,normal,False,False,False,False,True
shenzhen,0130,normal,False,False,False,False,True
shenzhen,0131,normal,False,False,False,False,True
shenzhen,0132,normal,False,False,False,False,True
shenzhen,0133,normal,False,False,False,False,True
shenzhen,0134,normal,False,False,False,False,True
shenzhen,0135,normal,False,False,False,False,True
shenzhen,0136,normal,False,False,False,False,True
shenzhen,0137,normal,False,False,False,False,True
shenzhen,0138,normal,False,False,False,False,True
shenzhen,0139,normal,False,False,False,False,True
shenzhen,0140,normal,False,False,False,False,True
shenzhen,0141,normal,False,False,False,False,True
shenzhen,0142,normal,False,False,False,False,True
shenzhen,0143,normal,False,False,False,False,True
shenzhen,0144,normal,False,False,False,False,True
shenzhen,0145,normal,False,False,False,False,True
shenzhen,0146,normal,False,False,False,False,True
shenzhen,0147,normal,False,False,False,False,True
shenzhen,0148,normal,False,False,False,False,True
shenzhen,0149,normal,False,False,False,False,True
shenzhen,0150,normal,False,False,False,False,True
shenzhen,0151,normal,False,False,False,False,True
shenzhen,0152,normal,False,False,False,False,True
shenzhen,0153,normal,False,False,False,False,True
shenzhen,0154,normal,False,False,False,False,True
shenzhen,0155,normal,False,False,False,False,True
shenzhen,0156,normal,False,False,False,False,True
shenzhen,0157,normal,False,False,False,False,True
shenzhen,0158,normal,False,False,False,False,True
shenzhen,0159,normal,False,False,False,False,True
shenzhen,0160,normal,False,False,False,False,True
shenzhen,0161,normal,False,False,False,False,True
shenzhen,0162,normal,False,False,False,False,True
shenzhen,0163,normal,False,False,False,False,True
shenzhen,0164,normal,False,False,False,False,True
shenzhen,0165,normal,False,False,False,False,True
shenzhen,0166,normal,False,False,False,False,True
shenzhen,0167,normal,False,False,False,False,True
shenzhen,0168,normal,False,False,False,False,True
shenzhen,0169,normal,False,False,False,False,True
shenzhen,0170,normal,False,False,False,False,True
shenzhen,0171,normal,False,False,False,False,True
shenzhen,0172,normal,False,False,False,False,True
shenzhen,0173,normal,False,False,False,False,True
shenzhen,0174,normal,False,False,False,False,True
shenzhen,0175,normal,False,False,False,False,True
shenzhen,0176,normal,False,False,False,False,True
shenzhen,0177,normal,False,False,False,False,True
shenzhen,0178,normal,False,False,False,False,True
shenzhen,0179,normal,False,False,False,False,True
shenzhen,0180,normal,False,False,False,False,True
shenzhen,0181,normal,False,False,False,False,False
shenzhen,0182,normal,False,False,False,False,False
shenzhen,0183,normal,False,False,False,False,False
shenzhen,0184,normal,False,False,False,False,False
shenzhen,0185,normal,False,False,False,False,False
shenzhen,0186,normal,False,False,False,False,False
shenzhen,0187,normal,False,False,False,False,False
shenzhen,0188,normal,False,False,False,False,False
shenzhen,0189,normal,False,False,False,False,False
shenzhen,0190,normal,False,False,False,False,False
shenzhen,0191,normal,False,False,False,False,False
shenzhen,0192,normal,False,False,False,False,False
shenzhen,0193,normal,False,False,False,False,False
shenzhen,0194,normal,False,False,False,False,False
shenzhen,0195,normal,False,False,False,False,False
shenzhen,0196,normal,False,False,False,False,False
shenzhen,0197,normal,False,False,False,False,False
shenzhen,0198,normal,False,False,False,False,False
shenzhen,0199,normal,False,False,False,False,False
shenzhen,0200,normal,False,False,False,False,False
shenzhen,0201,normal,False,False,False,False,False
shenzhen,0202,normal,False,False,False,False,False
shenzhen,0203,normal,False,False,False,False,False
shenzhen,0204,normal,False,False,False,False,False
shenzhen,0205,normal,False,False,False,False,False
shenzhen,0206,normal,False,False,False,False,False
shenzhen,0207,normal,False,False,False,False,False
shenzhen,0208,normal,False,False,False,False,False
shenzhen,0209,normal,False,False,False,False,False
shenzhen,0210,normal,False,False,False,False,False
shenzhen,0211,normal,False,False,False,False,False
shenzhen,0212,normal,False,False,False,False,False
shenzhen,0213,normal,False,False,False,False,False
shenzhen,0214,normal,False,False,False,False,False
shenzhen,0215,normal,False,False,False,False,False
shenzhen,0216,normal,False,False,False,False,False
shenzhen,0217,normal,False,False,False,False,False
shenzhen,0218,normal,False,False,False,False,False
shenzhen,0219,normal,False,False,False,False,False
shenzhen,0220,normal,False,False,False,False,False
shenzhen,0221,normal,False,False,False,False,True
shenzhen,0222,normal,False,False,False,False,True
shenzhen,0223,normal,False,False,False,False,True
shenzhen,0224,normal,False,False,False,False,True
shenzhen,0225,normal,False,False,False,False,True
shenzhen,0226,normal,False,False,False,False,True
shenzhen,0227,normal,False,False,False,False,True
shenzhen,0228,normal,False,False,False,False,True
shenzhen,0229,normal,False,False,False,False,True
shenzhen,0230,normal,False,False,False,False,True
shenzhen,0231,normal,False,False,False,False,True
shenzhen,0232,normal,False,False,False,False,True
shenzhen,0233,normal,False,False,False,False,True
shenzhen,0234,normal,False,False,False,False,True
shenzhen,0235,normal,False,False,False,False,True
shenzhen,0236,normal,False,False,False,False,True
shenzhen,0237,normal,False,False,False,False,True
shenzhen,0238,normal,False,False,False,False,True
shenzhen,0239,normal,False,False,False,False,True
shenzhen,0240,normal,False,False,False,False,True
shenzhen,0241,normal,False,False,False,False,True
shenzhen,0242,normal,False,False,False,False,True
shenzhen,0243,normal,False,False,False,False,True
shenzhen,0244,normal,False,False,False,False,True
shenzhen,0245,normal,False,False,False,False,True
shenzhen,0246,normal,False,False,False,False,True
shenzhen,0247,normal,False,False,False,False,True
shenzhen,0248,normal,False,False,False,False,True
shenzhen,0249,normal,False,False,False,False,True
shenzhen,0250,normal,False,False,False,False,True
shenzhen,0251,normal,False,False,False,False,True
shenzhen,0252,normal,False,False,False,False,True
shenzhen,0253,normal,False,False,False,False,True
shenzhen,0254,normal,False,False,False,False,True
shenzhen,0255,normal,False,False,False,False,True
shenzhen,0256,normal,False,False,False,False,True
shenzhen,0257,normal,False,False,False,False,True
shenzhen,0258,normal,False,False,False,False,True
shenzhen,0259,normal,False,False,False,False,True
shenzhen,0260,normal,False,False,False,False,True
shenzhen,0261,normal,False,False,False,False,True
shenzhen,0262,normal,False,False,False,False,True
shenzhen,0263,normal,False,False,False,False,True
shenzhen,0264,normal,False,False,False,False,True
shenzhen,0265,normal,False,False,False,False,True
shenzhen,0266,normal,False,False,False,False,True
shenzhen,0267,normal,False,False,False,False,True
shenzhen,0268,normal,False,False,False,False,True
shenzhen,0269,normal,False,False,False,False,True
shenzhen,0270,normal,False,False,False,False,True
shenzhen,0271,normal,False,False,False,False,True
shenzhen,0272,normal,False,False,False,False,True
shenzhen,0273,normal,False,False,False,False,True
shenzhen,0274,normal,False,False,False,False,True
shenzhen,0275,normal,False,False,False,False,True
shenzhen,0276,normal,False,False,False,False,True
shenzhen,0277,normal,False,False,False,False,True
shenzhen,0278,normal,False,False,False,False,True
shenzhen,0279,normal,False,False,False,False,True
shenzhen,0280,normal,False,False,False,False,True
shenzhen,0281,normal,False,False,False,False,True
shenzhen,0282,normal,False,False,False,False,True
shenzhen,0283,normal,False,False,False,False,True
shenzhen,0284,normal,False,False,False,False,True
shenzhen,0285,normal,False,False,False,False,True
shenzhen,0286,normal,False,False,False,False,True
shenzhen,0287,normal,False,False,False,False,True
shenzhen,0288,normal,False,False,False,False,True
shenzhen,0289,normal,False,False,False,False,True
shenzhen,0290,normal,False,False,False,False,True
shenzhen,0291,normal,False,False,False,False,True
shenzhen,0292,normal,False,False,False,False,True
shenzhen,0293,normal,False,False,False,False,True
shenzhen,0294,normal,False,False,False,False,True
shenzhen,0295,normal,False,False,False,False,True
shenzhen,0296,normal,False,False,False,False,True
shenzhen,0297,normal,False,False,False,False,True
shenzhen,0298,normal,False,False,False,False,True
shenzhen,0299,normal,False,False,False,False,True
shenzhen,0300,normal,False,False,False,False,True
shenzhen,0301,normal,False,False,False,False,True
shenzhen,0302,normal,False,False,False,False,True
shenzhen,0303,normal,False,False,False,False,True
shenzhen,0304,normal,False,False,False,False,True
shenzhen,0305,normal,False,False,False,False,True
shenzhen,0306,normal,False,False,False,False,True
shenzhen,0307,normal,False,False,False,False,True
shenzhen,0308,normal,False,False,False,False,True
shenzhen,0309,normal,False,False,False,False,True
shenzhen,0310,normal,False,False,False,False,True
shenzhen,0311,normal,False,False,False,False,True
shenzhen,0312,normal,False,False,False,False,True
shenzhen,0313,normal,False,False,False,False,True
shenzhen,0314,normal,False,False,False,False,True
shenzhen,0315,normal,False,False,False,False,True
shenzhen,0316,normal,False,False,False,False,True
shenzhen,0317,normal,False,False,False,False,True
shenzhen,0318,normal,False,False,False,False,True
shenzhen,0319,normal,False,False,False,False,True
shenzhen,0320,normal,False,False,False,False,True
shenzhen,0321,normal,False,False,False,False,True
shenzhen,0322,normal,False,False,False,False,True
shenzhen,0323,normal,False,False,False,False,True
shenzhen,0324,normal,False,False,False,False,True
shenzhen,0325,normal,False,False,False,False,True
shenzhen,0326,normal,False,False,False,False,True
shenzhen,0327,TB,True,True,False,False,True
shenzhen,0328,TB,True,True,False,False,True
shenzhen,0329,TB,True,True,False,False,True
shenzhen,0330,TB,True,True,False,False,True
shenzhen,0331,TB,True,True,False,False,True
shenzhen,0332,TB,True,True,False,False,True
shenzhen,0333,TB,True,True,False,False,True
shenzhen,0334,TB,True,True,False,False,True
shenzhen,0335,TB,True,True,False,False,True
shenzhen,0336,TB,True,True,False,False,False
shenzhen,0337,TB,True,True,False,False,True
shenzhen,0338,TB,True,True,False,False,True
shenzhen,0339,TB,True,True,False,False,True
shenzhen,0340,TB,True,True,False,False,True
shenzhen,0341,TB,True,True,False,False,False
shenzhen,0342,TB,True,True,False,False,False
shenzhen,0343,TB,True,True,False,False,False
shenzhen,0344,TB,True,True,False,False,False
shenzhen,0345,TB,True,True,False,False,False
shenzhen,0346,TB,True,True,False,False,False
shenzhen,0347,TB,True,True,False,False,False
shenzhen,0348,TB,True,True,False,False,False
shenzhen,0349,TB,True,True,False,False,False
shenzhen,0350,TB,True,True,False,False,False
shenzhen,0351,TB,True,True,False,False,False
shenzhen,0352,TB,True,True,False,False,False
shenzhen,0353,TB,True,True,False,False,False
shenzhen,0354,TB,True,True,False,False,False
shenzhen,0355,TB,True,True,False,False,False
shenzhen,0356,TB,True,True,False,False,False
shenzhen,0357,TB,True,True,False,False,False
shenzhen,0358,TB,True,True,False,False,False
shenzhen,0359,TB,True,True,False,False,False
shenzhen,0360,TB,True,True,False,False,False
shenzhen,0361,TB,True,True,False,False,True
shenzhen,0362,TB,True,True,False,False,True
shenzhen,0363,TB,True,True,False,False,True
shenzhen,0364,TB,True,True,False,False,True
shenzhen,0365,TB,True,True,False,False,True
shenzhen,0366,TB,True,True,False,False,True
shenzhen,0367,TB,True,True,False,False,True
shenzhen,0368,TB,True,True,False,False,True
shenzhen,0369,TB,True,True,False,False,True
shenzhen,0370,TB,True,True,False,False,True
shenzhen,0371,TB,True,True,False,False,True
shenzhen,0372,TB,True,False,False,True,True
shenzhen,0373,TB,True,True,False,False,True
shenzhen,0374,TB,True,True,False,False,True
shenzhen,0375,TB,True,True,False,False,True
shenzhen,0376,TB,True,True,False,False,True
shenzhen,0377,TB,True,True,False,False,True
shenzhen,0378,TB,True,True,False,False,True
shenzhen,0379,TB,True,True,False,False,True
shenzhen,0380,TB,True,False,False,True,True
shenzhen,0381,TB,True,True,False,False,True
shenzhen,0382,TB,True,True,False,False,True
shenzhen,0383,TB,True,True,False,False,True
shenzhen,0384,TB,True,True,False,False,True
shenzhen,0385,TB,True,True,False,False,True
shenzhen,0386,TB,True,True,False,False,True
shenzhen,0387,TB,True,True,False,False,True
shenzhen,0388,TB,True,True,False,False,True
shenzhen,0389,TB,True,True,False,False,True
shenzhen,0390,TB,True,True,False,False,True
shenzhen,0391,TB,True,True,False,False,True
shenzhen,0392,TB,True,True,False,False,True
shenzhen,0393,TB,True,True,False,False,True
shenzhen,0394,TB,True,True,False,False,True
shenzhen,0395,TB,True,True,False,False,True
shenzhen,0396,TB,True,True,False,False,True
shenzhen,0397,TB,True,True,False,False,True
shenzhen,0398,TB,True,True,False,False,True
shenzhen,0399,TB,True,True,False,False,True
shenzhen,0400,TB,True,True,False,False,True
shenzhen,0401,TB,True,True,False,False,True
shenzhen,0402,TB,True,True,False,False,True
shenzhen,0403,TB,True,True,False,False,True
shenzhen,0404,TB,True,True,False,False,True
shenzhen,0405,TB,True,True,False,False,True
shenzhen,0406,TB,True,True,False,False,True
shenzhen,0407,TB,True,True,False,False,True
shenzhen,0408,TB,True,True,False,False,True
shenzhen,0409,TB,True,True,False,False,True
shenzhen,0410,TB,True,True,False,False,True
shenzhen,0411,TB,True,True,False,False,True
shenzhen,0412,TB,True,True,False,False,True
shenzhen,0413,TB,True,True,False,False,True
shenzhen,0414,TB,True,True,False,False,True
shenzhen,0415,TB,True,True,False,False,True
shenzhen,0416,TB,True,True,False,False,True
shenzhen,0417,TB,True,True,False,False,True
shenzhen,0418,TB,True,True,False,False,True
shenzhen,0419,TB,True,True,False,False,True
shenzhen,0420,TB,True,True,False,False,True
shenzhen,0421,TB,True,True,False,False,True
shenzhen,0422,TB,True,True,False,False,True
shenzhen,0423,TB,True,True,False,False,True
shenzhen,0424,TB,True,True,False,False,True
shenzhen,0425,TB,True,True,False,False,True
shenzhen,0426,TB,True,True,False,False,True
shenzhen,0427,TB,True,True,False,False,True
shenzhen,0428,TB,True,True,False,False,True
shenzhen,0429,TB,True,True,False,False,True
shenzhen,0430,TB,True,True,False,False,True
shenzhen,0431,TB,True,True,False,False,True
shenzhen,0432,TB,True,True,False,False,True
shenzhen,0433,TB,True,True,False,False,True
shenzhen,0434,TB,True,True,False,False,True
shenzhen,0435,TB,True,True,False,False,True
shenzhen,0436,TB,True,True,False,False,True
shenzhen,0437,TB,True,True,False,False,True
shenzhen,0438,TB,True,True,False,False,True
shenzhen,0439,TB,True,True,False,False,True
shenzhen,0440,TB,True,True,False,False,True
shenzhen,0441,TB,True,True,False,False,True
shenzhen,0442,TB,True,True,False,False,True
shenzhen,0443,TB,True,True,False,False,True
shenzhen,0444,TB,True,False,False,True,True
shenzhen,0445,TB,True,True,False,False,True
shenzhen,0446,TB,True,True,False,False,True
shenzhen,0447,TB,True,True,False,False,True
shenzhen,0448,TB,True,True,False,False,True
shenzhen,0449,TB,True,True,False,False,True
shenzhen,0450,TB,True,True,False,False,True
shenzhen,0451,TB,True,False,False,True,True
shenzhen,0452,TB,True,True,False,False,True
shenzhen,0453,TB,True,True,False,False,True
shenzhen,0454,TB,True,True,False,False,True
shenzhen,0455,TB,True,True,False,False,True
shenzhen,0456,TB,True,True,False,False,True
shenzhen,0457,TB,True,True,False,False,True
shenzhen,0458,TB,True,True,False,False,True
shenzhen,0459,TB,True,True,False,False,True
shenzhen,0460,TB,True,True,False,False,True
shenzhen,0461,TB,True,True,False,False,True
shenzhen,0462,TB,True,False,False,True,True
shenzhen,0463,TB,True,True,False,False,True
shenzhen,0464,TB,True,True,False,False,True
shenzhen,0465,TB,True,True,False,False,True
shenzhen,0466,TB,True,True,False,False,True
shenzhen,0467,TB,False,True,True,False,True
shenzhen,0468,TB,True,True,False,False,True
shenzhen,0469,TB,True,True,False,False,True
shenzhen,0470,TB,True,True,False,False,True
shenzhen,0471,TB,True,True,False,False,True
shenzhen,0472,TB,True,True,False,False,True
shenzhen,0473,TB,True,True,False,False,True
shenzhen,0474,TB,True,True,False,False,True
shenzhen,0475,TB,True,True,False,False,True
shenzhen,0476,TB,True,True,False,False,True
shenzhen,0477,TB,True,True,False,False,True
shenzhen,0478,TB,True,True,False,False,True
shenzhen,0479,TB,True,True,False,False,True
shenzhen,0480,TB,True,False,False,True,True
shenzhen,0481,TB,True,True,False,False,False
shenzhen,0482,TB,True,True,False,False,False
shenzhen,0483,TB,True,True,False,False,False
shenzhen,0484,TB,False,True,True,False,False
shenzhen,0485,TB,True,True,False,False,False
shenzhen,0486,TB,True,True,False,False,False
shenzhen,0487,TB,True,True,False,False,False
shenzhen,0488,TB,True,True,False,False,False
shenzhen,0489,TB,True,True,False,False,False
shenzhen,0490,TB,True,True,False,False,False
shenzhen,0491,TB,True,True,False,False,False
shenzhen,0492,TB,True,True,False,False,False
shenzhen,0493,TB,True,True,False,False,False
shenzhen,0494,TB,True,True,False,False,False
shenzhen,0495,TB,True,True,False,False,False
shenzhen,0496,TB,True,True,False,False,False
shenzhen,0497,TB,True,True,False,False,False
shenzhen,0498,TB,True,True,False,False,False
shenzhen,0499,TB,True,True,False,False,False
shenzhen,0500,TB,True,True,False,False,False
shenzhen,0501,TB,True,True,False,False,True
shenzhen,0502,TB,True,True,False,False,False
shenzhen,0503,TB,True,True,False,False,True
shenzhen,0504,TB,True,True,False,False,True
shenzhen,0505,TB,True,True,False,False,False
shenzhen,0506,TB,True,True,False,False,True
shenzhen,0507,TB,True,True,False,False,True
shenzhen,0508,TB,True,True,False,False,True
shenzhen,0509,TB,True,True,False,False,True
shenzhen,0510,TB,True,True,False,False,True
shenzhen,0511,TB,True,True,False,False,True
shenzhen,0512,TB,True,False,False,True,True
shenzhen,0513,TB,True,True,False,False,True
shenzhen,0514,TB,True,True,False,False,True
shenzhen,0515,TB,True,True,False,False,True
shenzhen,0516,TB,True,True,False,False,True
shenzhen,0517,TB,True,True,False,False,True
shenzhen,0518,TB,True,True,False,False,True
shenzhen,0519,TB,True,True,False,False,True
shenzhen,0520,TB,True,True,False,False,True
shenzhen,0521,TB,True,True,False,False,True
shenzhen,0522,TB,True,True,False,False,True
shenzhen,0523,TB,True,True,False,False,True
shenzhen,0524,TB,True,True,False,False,True
shenzhen,0525,TB,True,True,False,False,True
shenzhen,0526,TB,True,True,False,False,True
shenzhen,0527,TB,True,True,False,False,True
shenzhen,0528,TB,True,True,False,False,True
shenzhen,0529,TB,True,True,False,False,True
shenzhen,0530,TB,True,True,False,False,True
shenzhen,0531,TB,True,True,False,False,True
shenzhen,0532,TB,True,True,False,False,True
shenzhen,0533,TB,True,True,False,False,True
shenzhen,0534,TB,True,True,False,False,True
shenzhen,0535,TB,True,True,False,False,True
shenzhen,0536,TB,True,True,False,False,True
shenzhen,0537,TB,True,True,False,False,True
shenzhen,0538,TB,True,True,False,False,True
shenzhen,0539,TB,True,True,False,False,True
shenzhen,0540,TB,True,True,False,False,True
shenzhen,0541,TB,True,True,False,False,True
shenzhen,0542,TB,True,True,False,False,True
shenzhen,0543,TB,True,True,False,False,True
shenzhen,0544,TB,True,True,False,False,True
shenzhen,0545,TB,True,True,False,False,True
shenzhen,0546,TB,True,True,False,False,True
shenzhen,0547,TB,True,True,False,False,True
shenzhen,0548,TB,True,True,False,False,True
shenzhen,0549,TB,True,True,False,False,True
shenzhen,0550,TB,True,False,False,True,True
shenzhen,0551,TB,True,True,False,False,True
shenzhen,0552,TB,True,True,False,False,True
shenzhen,0553,TB,True,True,False,False,True
shenzhen,0554,TB,True,True,False,False,True
shenzhen,0555,TB,True,True,False,False,True
shenzhen,0556,TB,True,True,False,False,True
shenzhen,0557,TB,True,True,False,False,True
shenzhen,0558,TB,True,True,False,False,True
shenzhen,0559,TB,True,True,False,False,True
shenzhen,0560,TB,True,True,False,False,False
shenzhen,0561,TB,True,True,False,False,False
shenzhen,0562,TB,True,True,False,False,False
shenzhen,0563,TB,True,True,False,False,False
shenzhen,0564,TB,True,True,False,False,False
shenzhen,0565,TB,True,True,False,False,False
shenzhen,0566,TB,True,True,False,False,True
shenzhen,0567,TB,True,True,False,False,True
shenzhen,0568,TB,True,True,False,False,True
shenzhen,0569,TB,True,True,False,False,True
shenzhen,0570,TB,True,False,False,True,True
shenzhen,0571,TB,True,True,False,False,True
shenzhen,0572,TB,True,True,False,False,True
shenzhen,0573,TB,True,True,False,False,True
shenzhen,0574,TB,True,True,False,False,True
shenzhen,0575,TB,True,True,False,False,True
shenzhen,0576,TB,True,True,False,False,True
shenzhen,0577,TB,True,False,False,True,True
shenzhen,0578,TB,True,True,False,False,True
shenzhen,0579,TB,True,True,False,False,True
shenzhen,0580,TB,True,True,False,False,True
shenzhen,0581,TB,True,True,False,False,True
shenzhen,0582,TB,True,True,False,False,True
shenzhen,0583,TB,True,True,False,False,True
shenzhen,0584,TB,True,True,False,False,True
shenzhen,0585,TB,True,True,False,False,True
shenzhen,0586,TB,True,True,False,False,True
shenzhen,0587,TB,True,True,False,False,True
shenzhen,0588,TB,True,True,False,False,True
shenzhen,0589,TB,True,False,False,True,True
shenzhen,0590,TB,True,True,False,False,True
shenzhen,0591,TB,True,False,False,True,True
shenzhen,0592,TB,True,True,False,False,True
shenzhen,0593,TB,True,False,False,True,True
shenzhen,0594,TB,True,True,False,False,True
shenzhen,0595,TB,True,True,False,False,True
shenzhen,0596,TB,True,True,False,False,True
shenzhen,0597,TB,True,True,False,False,True
shenzhen,0598,TB,True,True,False,False,True
shenzhen,0599,TB,True,True,False,False,True
shenzhen,0600,TB,True,True,False,False,True
shenzhen,0601,TB,True,True,False,False,True
shenzhen,0602,TB,True,True,False,False,True
shenzhen,0603,TB,True,True,False,False,True
shenzhen,0604,TB,True,True,False,False,True
shenzhen,0605,TB,True,True,False,False,True
shenzhen,0606,TB,False,True,True,False,True
shenzhen,0607,TB,True,True,False,False,True
shenzhen,0608,TB,True,True,False,False,True
shenzhen,0609,TB,False,True,True,False,True
shenzhen,0610,TB,True,True,False,False,True
shenzhen,0611,TB,True,True,False,False,True
shenzhen,0612,TB,False,True,True,False,True
shenzhen,0613,TB,True,True,False,False,True
shenzhen,0614,TB,True,True,False,False,True
shenzhen,0615,TB,True,True,False,False,True
shenzhen,0616,TB,True,True,False,False,True
shenzhen,0617,TB,True,True,False,False,True
shenzhen,0618,TB,True,True,False,False,True
shenzhen,0619,TB,True,True,False,False,True
shenzhen,0620,TB,True,True,False,False,True
shenzhen,0621,TB,True,True,False,False,True
shenzhen,0622,TB,True,True,False,False,True
shenzhen,0623,TB,True,True,False,False,True
shenzhen,0624,TB,False,True,True,False,True
shenzhen,0625,TB,True,True,False,False,True
shenzhen,0626,TB,True,True,False,False,True
shenzhen,0627,TB,True,True,False,False,True
shenzhen,0628,TB,True,True,False,False,True
shenzhen,0629,TB,True,True,False,False,True
shenzhen,0630,TB,True,True,False,False,True
shenzhen,0631,TB,True,True,False,False,True
shenzhen,0632,TB,True,True,False,False,True
shenzhen,0633,TB,True,True,False,False,True
shenzhen,0634,TB,True,True,False,False,True
shenzhen,0635,TB,True,True,False,False,True
shenzhen,0636,TB,True,True,False,False,True
shenzhen,0637,TB,True,True,False,False,True
shenzhen,0638,TB,True,True,False,False,True
shenzhen,0639,TB,True,True,False,False,True
shenzhen,0640,TB,True,True,False,False,True
shenzhen,0641,TB,True,True,False,False,True
shenzhen,0642,TB,True,True,False,False,True
shenzhen,0643,TB,True,True,False,False,True
shenzhen,0644,TB,True,True,False,False,True
shenzhen,0645,TB,True,True,False,False,True
shenzhen,0646,TB,True,True,False,False,True
shenzhen,0647,TB,True,True,False,False,True
shenzhen,0648,TB,True,True,False,False,True
shenzhen,0649,TB,True,True,False,False,True
shenzhen,0650,TB,True,True,False,False,True
shenzhen,0651,TB,True,True,False,False,True
shenzhen,0652,TB,True,True,False,False,True
shenzhen,0653,TB,True,True,False,False,True
shenzhen,0654,TB,True,True,False,False,True
shenzhen,0655,TB,True,True,False,False,True
shenzhen,0656,TB,True,True,False,False,True
shenzhen,0657,TB,True,True,False,False,True
shenzhen,0658,TB,True,True,False,False,True
shenzhen,0659,TB,True,True,False,False,True
shenzhen,0660,TB,True,True,False,False,True
shenzhen,0661,TB,True,True,False,False,True
shenzhen,0662,TB,True,True,False,False,True
