patient_id,label,split
0001,normal,train
0002,normal,test
0003,normal,train
0004,normal,train
0005,normal,val
0006,normal,train
0007,normal,train
0008,normal,train
0009,normal,val
0010,normal,train
0011,normal,train
0012,normal,train
0013,normal,train
0014,normal,test
0015,normal,val
0016,normal,train
0017,normal,train
0018,normal,train
0019,normal,train
0020,normal,train
0021,normal,test
0022,normal,test
0023,normal,train
0024,normal,train
0025,normal,train
0026,normal,train
0027,normal,train
0028,normal,val
0029,normal,train
0030,normal,train
0031,normal,train
0032,normal,train
0033,normal,val
0034,normal,train
0035,normal,test
0036,normal,train
0037,normal,train
0038,normal,train
0039,normal,train
0040,normal,train
0041,normal,val
0042,normal,train
0043,normal,train
0044,normal,test
0045,normal,val
0046,normal,train
0047,normal,train
0048,normal,train
0049,normal,test
0050,normal,test
0051,normal,test
0052,normal,train
0053,normal,test
0054,normal,test
0055,normal,test
0056,normal,train
0057,normal,train
0058,normal,train
0059,normal,test
0060,normal,train
0061,normal,train
0062,normal,train
0063,normal,val
0064,normal,train
0065,normal,val
0066,normal,train
0067,normal,train
0068,normal,train
0069,normal,train
0070,normal,train
0071,normal,val
0072,normal,test
0073,normal,train
0074,normal,train
0075,normal,train
0076,normal,train
0077,normal,train
0078,normal,train
0079,normal,train
0080,normal,train
0081,normal,test
0082,normal,train
0083,normal,train
0084,normal,train
0085,normal,train
0086,normal,train
0087,normal,train
0088,normal,test
0089,normal,test
0090,normal,train
0091,normal,train
0092,normal,test
0093,normal,train
0094,normal,train
0095,normal,train
0096,normal,train
0097,normal,train
0098,normal,train
0099,normal,train
0100,normal,test
0101,normal,train
0102,normal,train
0103,normal,test
0104,normal,train
0105,normal,train
0106,normal,test
0107,normal,test
0108,normal,train
0109,normal,train
0110,normal,train
0111,normal,train
0112,normal,train
0113,normal,train
0114,normal,train
0115,normal,train
0116,normal,train
0117,normal,train
0118,normal,train
0119,normal,train
0120,normal,train
0121,normal,train
0122,normal,test
0123,normal,val
0124,normal,train
0125,normal,train
0126,normal,train
0127,normal,train
0128,normal,train
0129,normal,val
0130,normal,train
0131,normal,test
0132,normal,train
0133,normal,train
0134,normal,train
0135,normal,test
0136,normal,val
0137,normal,train
0138,normal,train
0139,normal,val
0140,normal,train
0141,normal,train
0142,normal,train
0143,normal,train
0144,normal,train
0145,normal,train
0146,normal,train
0147,normal,train
0148,normal,train
0149,normal,train
0150,normal,test
0151,normal,train
0152,normal,test
0153,normal,train
0154,normal,train
0155,normal,train
0156,normal,train
0157,normal,val
0158,normal,train
0159,normal,train
0160,normal,train
0161,normal,test
0162,normal,test
0163,normal,val
0164,normal,train
0165,normal,train
0166,normal,train
0167,normal,test
0168,normal,train
0169,normal,train
0170,normal,test
0171,normal,train
0172,normal,train
0173,normal,train
0174,normal,train
0175,normal,test
0176,normal,train
0177,normal,train
0178,normal,train
0179,normal,train
0180,normal,train
0181,normal,train
0182,normal,train
0183,normal,train
0184,normal,train
0185,normal,train
0186,normal,train
0187,normal,train
0188,normal,test
0189,normal,test
0190,normal,test
0191,normal,test
0192,normal,test
0193,normal,train
0194,normal,train
0195,normal,train
0196,normal,train
0197,normal,train
0198,normal,train
0199,normal,train
0200,normal,train
0201,normal,val
0202,normal,test
0203,normal,train
0204,normal,train
0205,normal,train
0206,normal,test
0207,normal,train
0208,normal,test
0209,normal,train
0210,normal,train
0211,normal,train
0212,normal,train
0213,normal,test
0214,normal,train
0215,normal,test
0216,normal,val
0217,normal,val
0218,normal,test
0219,normal,train
0220,normal,train
0221,normal,train
0222,normal,train
0223,normal,train
0224,normal,train
0225,normal,train
0226,normal,train
0227,normal,train
0228,normal,train
0229,normal,train
0230,normal,train
0231,normal,val
0232,normal,train
0233,normal,train
0234,normal,val
0235,normal,train
0236,normal,test
0237,normal,test
0238,normal,train
0239,normal,train
0240,normal,val
0241,normal,train
0242,normal,test
0243,normal,val
0244,normal,test
0245,normal,train
0246,normal,train
0247,normal,val
0248,normal,train
0249,normal,train
0250,normal,train
0251,normal,train
0252,normal,test
0253,normal,test
0254,normal,train
0255,normal,train
0256,normal,train
0257,normal,train
0258,normal,test
0259,normal,train
0260,normal,test
0261,normal,train
0262,normal,train
0263,normal,train
0264,normal,test
0265,normal,test
0266,normal,train
0267,normal,val
0268,normal,train
0269,normal,train
0270,normal,train
0271,normal,test
0272,normal,train
0273,normal,train
0274,normal,test
0275,normal,train
0276,normal,train
0277,normal,test
0278,normal,train
0279,normal,val
0280,normal,train
0281,normal,train
0282,normal,train
0283,normal,train
0284,normal,test
0285,normal,train
0286,normal,train
0287,normal,train
0288,normal,val
0289,normal,train
0290,normal,train
0291,normal,train
0292,normal,val
0293,normal,train
0294,normal,test
0295,normal,train
0296,normal,train
0297,normal,train
0298,normal,test
0299,normal,train
0300,normal,val
0301,normal,train
0302,normal,train
0303,normal,train
0304,normal,val
0305,normal,train
0306,normal,train
0307,normal,train
0308,normal,train
0309,normal,test
0310,normal,train
0311,normal,val
0312,normal,train
0313,normal,train
0314,normal,test
0315,normal,train
0316,normal,train
0317,normal,val
0318,normal,test
0319,normal,train
0320,normal,train
0321,normal,test
0322,normal,train
0323,normal,val
0324,normal,train
0325,normal,test
0326,normal,test
0327,TB,train
0328,TB,test
0329,TB,train
0330,TB,train
0331,TB,val
0332,TB,train
0333,TB,train
0334,TB,train
0335,TB,val
0336,TB,train
0337,TB,train
0338,TB,val
0339,TB,train
0340,TB,test
0341,TB,val
0342,TB,train
0343,TB,train
0344,TB,train
0345,TB,train
0346,TB,train
0347,TB,test
0348,TB,test
0349,TB,train
0350,TB,train
0351,TB,train
0352,TB,train
0353,TB,train
0354,TB,val
0355,TB,train
0356,TB,train
0357,TB,train
0358,TB,train
0359,TB,val
0360,TB,train
0361,TB,test
0362,TB,train
0363,TB,train
0364,TB,train
0365,TB,train
0366,TB,train
0367,TB,val
0368,TB,train
0369,TB,train
0370,TB,test
0371,TB,train
0372,TB,train
0373,TB,train
0374,TB,val
0375,TB,test
0376,TB,test
0377,TB,test
0378,TB,train
0379,TB,test
0380,TB,test
0381,TB,test
0382,TB,train
0383,TB,train
0384,TB,train
0385,TB,test
0386,TB,train
0387,TB,train
0388,TB,val
0389,TB,val
0390,TB,train
0391,TB,val
0392,TB,train
0393,TB,train
0394,TB,train
0395,TB,train
0396,TB,train
0397,TB,train
0398,TB,test
0399,TB,train
0400,TB,train
0401,TB,train
0402,TB,train
0403,TB,train
0404,TB,train
0405,TB,train
0406,TB,train
0407,TB,test
0408,TB,train
0409,TB,train
0410,TB,train
0411,TB,train
0412,TB,train
0413,TB,train
0414,TB,test
0415,TB,test
0416,TB,train
0417,TB,train
0418,TB,test
0419,TB,train
0420,TB,train
0421,TB,train
0422,TB,train
0423,TB,train
0424,TB,train
0425,TB,train
0426,TB,test
0427,TB,train
0428,TB,train
0429,TB,test
0430,TB,train
0431,TB,train
0432,TB,test
0433,TB,test
0434,TB,train
0435,TB,train
0436,TB,train
0437,TB,train
0438,TB,train
0439,TB,train
0440,TB,train
0441,TB,train
0442,TB,train
0443,TB,train
0444,TB,train
0445,TB,train
0446,TB,train
0447,TB,train
0448,TB,test
0449,TB,val
0450,TB,train
0451,TB,train
0452,TB,train
0453,TB,train
0454,TB,train
0455,TB,val
0456,TB,train
0457,TB,test
0458,TB,train
0459,TB,train
0460,TB,train
0461,TB,test
0462,TB,val
0463,TB,train
0464,TB,train
0465,TB,val
0466,TB,train
0467,TB,train
0468,TB,train
0469,TB,train
0470,TB,train
0471,TB,train
0472,TB,train
0473,TB,train
0474,TB,train
0475,TB,train
0476,TB,test
0477,TB,val
0478,TB,test
0479,TB,train
0480,TB,train
0481,TB,train
0482,TB,train
0483,TB,val
0484,TB,train
0485,TB,train
0486,TB,train
0487,TB,test
0488,TB,test
0489,TB,val
0490,TB,train
0491,TB,train
0492,TB,train
0493,TB,test
0494,TB,train
0495,TB,train
0496,TB,test
0497,TB,train
0498,TB,train
0499,TB,train
0500,TB,train
0501,TB,test
0502,TB,train
0503,TB,train
0504,TB,train
0505,TB,train
0506,TB,train
0507,TB,train
0508,TB,train
0509,TB,train
0510,TB,train
0511,TB,train
0512,TB,train
0513,TB,train
0514,TB,test
0515,TB,test
0516,TB,test
0517,TB,test
0518,TB,test
0519,TB,train
0520,TB,train
0521,TB,train
0522,TB,train
0523,TB,train
0524,TB,train
0525,TB,train
0526,TB,train
0527,TB,val
0528,TB,test
0529,TB,train
0530,TB,train
0531,TB,train
0532,TB,test
0533,TB,train
0534,TB,test
0535,TB,train
0536,TB,train
0537,TB,train
0538,TB,train
0539,TB,test
0540,TB,train
0541,TB,test
0542,TB,train
0543,TB,val
0544,TB,test
0545,TB,train
0546,TB,train
0547,TB,train
0548,TB,train
0549,TB,train
0550,TB,train
0551,TB,train
0552,TB,train
0553,TB,train
0554,TB,train
0555,TB,train
0556,TB,train
0557,TB,val
0558,TB,train
0559,TB,train
0560,TB,val
0561,TB,train
0562,TB,test
0563,TB,test
0564,TB,train
0565,TB,train
0566,TB,train
0567,TB,train
0568,TB,test
0569,TB,val
0570,TB,test
0571,TB,train
0572,TB,train
0573,TB,train
0574,TB,train
0575,TB,train
0576,TB,train
0577,TB,val
0578,TB,test
0579,TB,test
0580,TB,train
0581,TB,train
0582,TB,train
0583,TB,train
0584,TB,test
0585,TB,val
0586,TB,test
0587,TB,train
0588,TB,train
0589,TB,train
0590,TB,test
0591,TB,test
0592,TB,train
0593,TB,train
0594,TB,train
0595,TB,train
0596,TB,test
0597,TB,test
0598,TB,train
0599,TB,train
0600,TB,test
0601,TB,train
0602,TB,train
0603,TB,test
0604,TB,train
0605,TB,val
0606,TB,train
0607,TB,train
0608,TB,train
0609,TB,train
0610,TB,train
0611,TB,train
0612,TB,train
0613,TB,train
0614,TB,val
0615,TB,train
0616,TB,train
0617,TB,train
0618,TB,train
0619,TB,val
0620,TB,test
0621,TB,train
0622,TB,train
0623,TB,train
0624,TB,val
0625,TB,train
0626,TB,train
0627,TB,val
0628,TB,train
0629,TB,train
0630,TB,train
0631,TB,train
0632,TB,train
0633,TB,test
0634,TB,test
0635,TB,test
0636,TB,train
0637,TB,train
0638,TB,train
0639,TB,train
0640,TB,test
0641,TB,train
0642,TB,val
0643,TB,train
0644,TB,train
0645,TB,train
0646,TB,val
0647,TB,train
0648,TB,val
0649,TB,train
0650,TB,test
0651,TB,train
0652,TB,train
0653,TB,train
0654,TB,test
0655,TB,train
0656,TB,train
0657,TB,test
0658,TB,train
0659,TB,val
0660,TB,train
0661,TB,test
0662,TB,test
